167,d_basic_pos,1579287542,0
168,d_basic_neg,1579287542,0
169,d_basic_zero,1579287542,0
492,d_basic_i_pos,1579287542,0
493,d_basic_i_neg,1579287542,0
494,d_basic_i_zero,1579287542,0
495,d_basic_i_onlypos,1579287542,0
496,d_basic_i_onlyneg,1579287542,0
497,d_basic_i_onlyzero,1579287542,0
498,d_intmax,1579287542,0
499,d_intmin,1579287542,0
500,d_as_pos,1579287542,0
501,d_as_neg,1579287542,0
502,d_intmax_as,1579287542,0
503,d_width_pos_fits,1579287542,0
504,d_width_neg_fits,1579287542,0
505,d_width_zero_fits,1579287542,0
506,d_width_pos_exactfit,1579287542,0
507,d_width_neg_exactfit,1579287542,0
508,d_width_pos_nofit,1579287542,0
509,d_width_neg_nofit,1579287542,0
510,d_width_pos_fits_lj,1579287542,0
511,d_width_neg_fits_lj,1579287542,0
512,d_width_zero_fits_lj,1579287542,0
513,d_width_pos_exactfit_lj,1579287542,0
514,d_width_neg_exactfit_lj,1579287542,0
515,d_width_pos_nofit_lj,1579287542,0
516,d_width_neg_nofit_lj,1579287542,0
517,d_width_as_pos,1579287542,0
518,d_width_as_zero,1579287542,0
519,d_width_intmax_as,1579287542,0
520,d_prec_fits_pos,1579287542,0
521,d_prec_fits_neg,1579287542,0
522,d_prec_fits_zero,1579287542,0
523,d_prec_exactfit_pos,1579287542,0
524,d_prec_exactfit_neg,1579287542,0
525,d_prec_nofit_pos,1579287542,0
526,d_prec_nofit_neg,1579287542,0
527,d_prec_as_pos,1579287542,0
528,d_prec_as_neg,1579287542,0
529,d_prec_as_pos_nofit,1579287542,0
530,d_zp_pos_fits,1579287542,0
531,d_zp_neg_fits,1579287542,0
532,d_zp_zero_fits,1579287542,0
533,d_zp_pos_exactfit,1579287542,0
534,d_zp_neg_exactfit,1579287542,0
535,d_zp_neg_minus1fit,1579287542,0
536,d_zp_as_fits,1579287542,0
537,d_zp_as_zero,1579287542,0
538,d_prec_width_fit_fit_pos,1579287542,0
539,d_prec_width_fit_fit_neg,1579287542,0
540,d_prec_width_fit_fit_zero,1579287542,0
541,d_prec_width_nofit_fit_pos,1579287542,0
542,d_prec_width_nofit_fit_neg,1579287542,0
543,d_prec_width_fit_nofit_pos,1579287542,0
544,d_prec_width_fit_nofit_neg,1579287542,0
545,d_prec_width_nofit_nofit_pos,1579287542,0
546,d_prec_width_nofit_nofit_neg,1579287542,0
547,d_prec_width_fit_fit_pos_lj,1579287542,0
548,d_prec_width_fit_fit_neg_lj,1579287542,0
549,d_prec_width_fit_fit_zero_lj,1579287542,0
550,d_prec_width_nofit_fit_pos_lj,1579287542,0
551,d_prec_width_nofit_fit_neg_lj,1579287542,0
552,d_prec_width_fit_nofit_pos_lj,1579287542,0
553,d_prec_width_fit_nofit_neg_lj,1579287542,0
554,d_prec_width_nofit_nofit_pos_lj,1579287542,0
555,d_prec_width_nofit_nofit_neg_lj,1579287542,0
556,d_prec_width_fit_fit_pos_as,1579287542,0
557,d_prec_width_fit_fit_neg_as,1579287542,0
558,d_prec_width_fit_fit_zero_as,1579287542,0
559,d_prec_width_nofit_fit_pos_as,1579287542,0
560,d_prec_width_nofit_fit_neg_as,1579287542,0
561,d_prec_width_fit_nofit_pos_as,1579287542,0
562,d_prec_width_fit_nofit_neg_as,1579287542,0
563,d_prec_width_nofit_nofit_pos_as,1579287542,0
564,d_prec_width_nofit_nofit_neg_as,1579287542,0
565,d_prec_width_fit_fit_pos_ljas,1579287542,0
566,d_prec_width_fit_fit_neg_ljas,1579287542,0
567,d_prec_width_fit_fit_zero_ljas,1579287542,0
568,d_prec_width_nofit_fit_pos_ljas,1579287542,0
569,d_prec_width_nofit_fit_neg_ljas,1579287542,0
570,d_prec_width_fit_nofit_pos_ljas,1579287542,0
571,d_prec_width_fit_nofit_neg_ljas,1579287542,0
572,d_prec_width_nofit_nofit_pos_ljas,1579287542,0
573,d_prec_width_nofit_nofit_neg_ljas,1579287542,0
574,d_prec_width_ff_pos_zp,1579287542,0
575,d_prec_width_ff_neg_zp,1579287542,0
576,d_prec_width_ff_zero_zp,1579287542,0
577,d_prec_width_nf_pos_zp,1579287542,0
578,d_prec_width_nf_neg_zp,1579287542,0
579,d_prec_width_fn_pos_zp,1579287542,0
580,d_prec_width_fn_neg_zp,1579287542,0
581,d_prec_width_nn_pos_zp,1579287542,0
582,d_prec_width_nn_neg_zp,1579287542,0
583,d_prec_width_ff_pos_lj_zp_ignoreflag,1579287542,0
584,d_prec_width_ff_neg_ljzp_ignoreflag,1579287542,0
585,d_prec_width_ff_zero_ljzp_ignoreflag,1579287542,0
586,d_prec_width_nf_pos_ljzp_ignoreflag,1579287542,0
587,d_prec_width_nf_neg_ljzp_ignoreflag,1579287542,0
588,d_prec_width_fn_pos_ljzp_ignoreflag,1579287542,0
589,d_prec_width_fn_neg_ljzp_ignoreflag,1579287542,0
590,d_prec_width_nn_pos_ljzp_ignoreflag,1579287542,0
591,d_prec_width_nn_neg_ljzp_ignoreflag,1579287542,0
592,d_prec_width_ff_pos_aszp,1579287542,0
593,d_prec_width_ff_neg_aszp,1579287542,0
594,d_prec_width_ff_zero_aszp,1579287542,0
595,d_prec_width_nf_pos_aszp,1579287542,0
596,d_prec_width_nf_neg_aszp,1579287542,0
597,d_prec_width_fn_pos_aszp,1579287542,0
598,d_prec_width_fn_neg_aszp,1579287542,0
599,d_prec_width_nn_pos_aszp,1579287542,0
600,d_prec_width_nn_neg_aszp,1579287542,0
601,d_prec_width_ff_pos_ljaszp_ignoreflag,1579287542,0
602,d_prec_width_ff_neg_ljaszp_ignoreflag,1579287542,0
603,d_prec_width_ff_zero_ljaszp_ignoreflag,1579287542,0
604,d_prec_width_nf_pos_ljaszp_ignoreflag,1579287542,0
605,d_prec_width_nf_neg_ljaszp_ignoreflag,1579287542,0
606,d_prec_width_fn_pos_ljaszp_ignoreflag,1579287542,0
607,d_prec_width_fn_neg_ljaszp_ignoreflag,1579287542,0
608,d_prec_width_nn_pos_ljaszp_ignoreflag,1579287542,0
609,d_prec_width_nn_neg_ljaszp_ignoreflag,1579287542,0
610,d_size_hh_pos_casted,1579287542,0
611,d_size_hh_neg_casted,1579287542,0
612,d_size_h_pos_casted,1579287542,0
613,d_size_h_neg_casted,1579287542,0
614,d_size_l_pos_casted,1579287542,0
615,d_size_l_neg_casted,1579287542,0
616,d_size_ll_pos_casted,1579287542,0
617,d_size_ll_neg_casted,1579287542,0
618,d_size_hh_pos_ref,1579287542,0
619,d_size_hh_neg_ref,1579287542,0
620,d_size_h_pos_ref,1579287542,0
621,d_size_h_neg_ref,1579287542,0
622,d_size_l_pos_ref,0,1579287542
623,d_size_l_pos_ref_lmax,0,1579287542
624,d_size_ll_pos_ref_llmax,0,1579287542
625,d_size_l_neg_ref,0,1579287542
626,d_size_ll_pos_ref,0,1579287542
627,d_size_ll_neg_ref,0,1579287542
628,d_size_l_pos_big,0,1579287542
629,d_size_l_neg_big,0,1579287542
630,d_size_ll_pos_big,0,1579287542
631,d_size_ll_neg_big,0,1579287542
632,d_llmax,0,1579287542
633,d_llmin,0,1579287542
634,d_lmax,0,1579287542
635,d_lmin,0,1579287542
636,d_hmax,1579287542,0
637,d_hmin,1579287542,0
638,d_hhmax,1579287542,0
639,d_hhmin,1579287542,0
640,d_size_l_pos_big_zp,0,1579287542
641,d_size_l_neg_big_prec,0,1579287542
642,d_size_ll_pos_big_width,0,1579287542
643,d_size_ll_neg_big_lj,0,1579287542
644,d_size_l_pos_big_as,0,1579287542
645,d_size_follows_i_i,1579287542,0
646,d_size_follows_i_l,0,1579287542
647,d_size_follows_i_ll,0,1579287542
648,d_size_follows_i_h,1579287542,0
649,d_size_follows_i_hh,1579287542,0
650,d_size_ll_hh_ll,0,1579287542
651,d_size_h_l_hh,0,1579287542
652,d_size_l_hh_h,0,1579287542
653,d_size_n_ll_hh,0,1579287542
654,d_size_ll_n_l,0,1579287542
655,d_basic_i_pos_sp,1579287542,0
656,d_basic_i_neg_sp,1579287542,0
657,d_basic_i_zero_sp,1579287542,0
658,d_basic_i_onlypos_sp,1579287542,0
659,d_basic_i_onlyneg_sp,1579287542,0
660,d_basic_i_onlyzero_sp,1579287542,0
661,d_basic_i_pos_d_sp,1579287542,0
662,d_basic_i_neg_d_sp,1579287542,0
663,d_basic_i_zero_d_sp,1579287542,0
664,d_intmax_sp,1579287542,0
665,d_intmin_sp,1579287542,0
666,d_assp_pos_ignoreflag,1579287542,0
667,d_assp_neg_ignoreflag,1579287542,0
668,d_intmax_assp_ignoreflag,1579287542,0
669,d_width_pos_fits_sp,1579287542,0
670,d_width_neg_fits_sp,1579287542,0
671,d_width_zero_fits_sp,1579287542,0
672,d_width_pos_exactfit_sp,1579287542,0
673,d_width_neg_exactfit_sp,1579287542,0
674,d_width_pos_nofit_sp,1579287542,0
675,d_width_neg_nofit_sp,1579287542,0
676,d_width_pos_fits_lj_sp,1579287542,0
677,d_width_neg_fits_lj_sp,1579287542,0
678,d_width_zero_fits_lj_sp,1579287542,0
679,d_width_pos_exactfit_lj_sp,1579287542,0
680,d_width_neg_exactfit_lj_sp,1579287542,0
681,d_width_pos_nofit_lj_sp,1579287542,0
682,d_width_neg_nofit_lj_sp,1579287542,0
683,d_width_assp_pos_ignoreflag,1579287542,0
684,d_width_assp_zero_ignoreflag,1579287542,0
685,d_width_intmax_assp_ignoreflag,1579287542,0
686,d_prec_fits_pos_sp,1579287542,0
687,d_prec_fits_neg_sp,1579287542,0
688,d_prec_fits_zero_sp,1579287542,0
689,d_prec_exactfit_pos_sp,1579287542,0
690,d_prec_exactfit_neg_sp,1579287542,0
691,d_prec_nofit_pos_sp,1579287542,0
692,d_prec_nofit_neg_sp,1579287542,0
693,d_prec_assp_pos_ignoreflag,1579287542,0
694,d_prec_assp_neg_ignoreflag,1579287542,0
695,d_prec_assp_pos_nofit_ignoreflag,1579287542,0
696,d_zpsp_pos_fits,1579287542,0
697,d_zpsp_neg_fits,1579287542,0
698,d_zpsp_zero_fits,1579287542,0
699,d_zpsp_pos_exactfit,1579287542,0
700,d_zpsp_neg_exactfit,1579287542,0
701,d_zpsp_neg_minus1fit,1579287542,0
702,d_zpassp_as_fits_ignoreflag,1579287542,0
703,d_zpassp_zero_ignoreflag,1579287542,0
704,d_prec_width_fit_fit_pos_sp,1579287542,0
705,d_prec_width_fit_fit_neg_sp,1579287542,0
706,d_prec_width_fit_fit_zero_sp,1579287542,0
707,d_prec_width_nofit_fit_pos_sp,1579287542,0
708,d_prec_width_nofit_fit_neg_sp,1579287542,0
709,d_prec_width_fit_nofit_pos_sp,1579287542,0
710,d_prec_width_fit_nofit_neg_sp,1579287542,0
711,d_prec_width_nofit_nofit_pos_sp,1579287542,0
712,d_prec_width_nofit_nofit_neg_sp,1579287542,0
713,d_prec_width_fit_fit_pos_lj_sp,1579287542,0
714,d_prec_width_fit_fit_neg_lj_sp,1579287542,0
715,d_prec_width_fit_fit_zero_lj_sp,1579287542,0
716,d_prec_width_nofit_fit_pos_lj_sp,1579287542,0
717,d_prec_width_nofit_fit_neg_lj_sp,1579287542,0
718,d_prec_width_fit_nofit_pos_lj_sp,1579287542,0
719,d_prec_width_fit_nofit_neg_lj_sp,1579287542,0
720,d_prec_width_nofit_nofit_pos_lj_sp,1579287542,0
721,d_prec_width_nofit_nofit_neg_lj_sp,1579287542,0
722,d_prec_width_fit_fit_pos_assp_ignoreflag,1579287542,0
723,d_prec_width_fit_fit_neg_assp_ignoreflag,1579287542,0
724,d_prec_width_fit_fit_zero_assp_ignoreflag,1579287542,0
725,d_prec_width_nofit_fit_pos_assp_ignoreflag,1579287542,0
726,d_prec_width_nofit_fit_neg_assp_ignoreflag,1579287542,0
727,d_prec_width_fit_nofit_pos_assp_ignoreflag,1579287542,0
728,d_prec_width_fit_nofit_neg_assp_ignoreflag,1579287542,0
729,d_prec_width_nofit_nofit_pos_assp_ignoreflag,1579287542,0
730,d_prec_width_nofit_nofit_neg_assp_ignoreflag,1579287542,0
731,d_prec_width_fit_fit_pos_lj_assp_ignoreflag,1579287542,0
732,d_prec_width_fit_fit_neg_lj_assp_ignoreflag,1579287542,0
733,d_prec_width_fit_fit_zero_lj_assp_ignoreflag,1579287542,0
734,d_prec_width_nofit_fit_pos_lj_assp_ignoreflag,1579287542,0
735,d_prec_width_nofit_fit_neg_lj_assp_ignoreflag,1579287542,0
736,d_prec_width_fit_nofit_pos_lj_assp_ignoreflag,1579287542,0
737,d_prec_width_fit_nofit_neg_lj_assp_ignoreflag,1579287542,0
738,d_prec_width_nofit_nofit_pos_lj_assp_ignoreflag,1579287542,0
739,d_prec_width_nofit_nofit_neg_lj_assp_ignoreflag,1579287542,0
740,d_prec_width_ff_pos_zp_sp,1579287542,0
741,d_prec_width_ff_neg_zp_sp,1579287542,0
742,d_prec_width_ff_zero_zp_sp,1579287542,0
743,d_prec_width_nf_pos_zp_sp,1579287542,0
744,d_prec_width_nf_neg_zp_sp,1579287542,0
745,d_prec_width_fn_pos_zp_sp,1579287542,0
746,d_prec_width_fn_neg_zp_sp,1579287542,0
747,d_prec_width_nn_pos_zp_sp,1579287542,0
748,d_prec_width_nn_neg_zp_sp,1579287542,0
749,d_prec_width_ff_pos_ljzpsp_ignoreflag,1579287542,0
750,d_prec_width_ff_neg_ljzpsp_ignoreflag,1579287542,0
751,d_prec_width_ff_zero_ljzpsp_ignoreflag,1579287542,0
752,d_prec_width_nf_pos_ljzpsp_ignoreflag,1579287542,0
753,d_prec_width_nf_neg_ljzpsp_ignoreflag,1579287542,0
754,d_prec_width_fn_pos_ljzpsp_ignoreflag,1579287542,0
755,d_prec_width_fn_neg_ljzpsp_ignoreflag,1579287542,0
756,d_prec_width_nn_pos_ljzpsp_ignoreflag,1579287542,0
757,d_prec_width_nn_neg_ljzpsp_ignoreflag,1579287542,0
758,d_prec_width_ff_pos_aszpsp_ignoreflag,1579287542,0
759,d_prec_width_ff_neg_aszpsp_ignoreflag,1579287542,0
760,d_prec_width_ff_zero_aszpsp_ignoreflag,1579287542,0
761,d_prec_width_nf_pos_aszpsp_ignoreflag,1579287542,0
762,d_prec_width_nf_neg_aszpsp_ignoreflag,1579287542,0
763,d_prec_width_fn_pos_aszpsp_ignoreflag,1579287542,0
764,d_prec_width_fn_neg_aszpsp_ignoreflag,1579287542,0
765,d_prec_width_nn_pos_aszpsp_ignoreflag,1579287542,0
766,d_prec_width_nn_neg_aszpsp_ignoreflag,1579287542,0
767,d_prec_width_ff_pos_ljaszpsp_ignoreflag,1579287542,0
768,d_prec_width_ff_neg_ljaszpsp_ignoreflag,1579287542,0
769,d_prec_width_ff_zero_ljaszpsp_ignoreflag,1579287542,0
770,d_prec_width_nf_pos_ljaszpsp_ignoreflag,1579287542,0
771,d_prec_width_nf_neg_ljaszpsp_ignoreflag,1579287542,0
772,d_prec_width_fn_pos_ljaszpsp_ignoreflag,1579287542,0
773,d_prec_width_fn_neg_ljaszpsp_ignoreflag,1579287542,0
774,d_prec_width_nn_pos_ljaszpsp_ignoreflag,1579287542,0
775,d_prec_width_nn_neg_ljaszpsp_ignoreflag,1579287542,0
776,d_size_hh_pos_casted_sp,1579287542,0
777,d_size_hh_neg_casted_sp,1579287542,0
778,d_size_h_pos_casted_sp,1579287542,0
779,d_size_h_neg_casted_sp,1579287542,0
780,d_size_l_pos_casted_sp,1579287542,0
781,d_size_l_neg_casted_sp,1579287542,0
782,d_size_ll_pos_casted_sp,1579287542,0
783,d_size_ll_neg_casted_sp,1579287542,0
784,d_size_hh_pos_ref_sp,1579287542,0
785,d_size_hh_neg_ref_sp,1579287542,0
786,d_size_h_pos_ref_sp,1579287542,0
787,d_size_h_neg_ref_sp,1579287542,0
788,d_size_l_pos_ref_sp,0,1579287542
789,d_size_l_neg_ref_sp,0,1579287542
790,d_size_ll_pos_ref_sp,0,1579287542
791,d_size_ll_neg_ref_sp,0,1579287542
792,d_size_l_pos_big_sp,0,1579287542
793,d_size_l_neg_big_sp,0,1579287542
794,d_size_ll_pos_big_sp,0,1579287542
795,d_size_ll_neg_big_sp,0,1579287542
796,d_llmax_sp,0,1579287542
797,d_llmin_sp,0,1579287542
798,d_lmax_sp,0,1579287542
799,d_lmin_sp,0,1579287542
800,d_hmax_sp,1579287542,0
801,d_hmin_sp,1579287542,0
802,d_hhmax_sp,1579287542,0
803,d_hhmin_sp,1579287542,0
804,d_prec0val0_basic,0,1579287542
805,d_prec0val0_implicit,0,1579287542
806,d_prec0val0_w,0,1579287542
807,d_prec0val0_w_impl,0,1579287542
808,d_prec0val0_wlj,0,1579287542
809,d_prec0val0_wlj_impl,0,1579287542
810,d_prec0val0_as,0,1579287542
811,d_prec0val0_as_impl,0,1579287542
812,d_prec0val0_was,0,1579287542
813,d_prec0val0_was_impl,0,1579287542
814,d_prec0val0_waslj,0,1579287542
815,d_prec0val0_waslj_impl,0,1579287542
